{"cameraMode":{"drawMode":0,"name":"Shaded","section":"Shading Mode"},"sceneLighting":true,"audioPlay":false,"sceneViewState":{"m_AlwaysRefresh":false,"showFog":true,"showSkybox":true,"showFlares":true,"showImageEffects":true,"showParticleSystems":true,"showVisualEffectGraphs":true,"m_FxEnabled":true},"in2DMode":false,"pivot":{"x":4.321895599365234,"y":6.722011089324951,"z":15.009990692138672},"rotation":{"x":0.16566327214241029,"y":-0.22533559799194337,"z":-0.038929618895053866,"w":-0.9593475461006165},"size":12.905488014221192,"orthographic":false}